Distrito;Ano;Matrículas
AGUA RASA ;2020;135
AGUA RASA ;2019;85
AGUA RASA ;2018;78
AGUA RASA ;2017;90
AGUA RASA ;2016;118
AGUA RASA ;2015;97
AGUA RASA ;2014;107
AGUA RASA ;2013;151
AGUA RASA ;2012;179
AGUA RASA ;2011;174
AGUA RASA ;2010;166
AGUA RASA ;2009;157
AGUA RASA ;2008;143
AGUA RASA ;2007;117
AGUA RASA ;2006;201
ALTO DE PINHEIROS ;2020;0
ALTO DE PINHEIROS ;2019;0
ALTO DE PINHEIROS ;2018;0
ALTO DE PINHEIROS ;2017;0
ALTO DE PINHEIROS ;2016;0
ALTO DE PINHEIROS ;2015;0
ALTO DE PINHEIROS ;2014;0
ALTO DE PINHEIROS ;2013;0
ALTO DE PINHEIROS ;2012;0
ALTO DE PINHEIROS ;2011;0
ALTO DE PINHEIROS ;2010;0
ALTO DE PINHEIROS ;2009;0
ALTO DE PINHEIROS ;2008;0
ALTO DE PINHEIROS ;2007;0
ALTO DE PINHEIROS ;2006;0
ANHANGUERA ;2020;647
ANHANGUERA ;2019;597
ANHANGUERA ;2018;518
ANHANGUERA ;2017;574
ANHANGUERA ;2016;595
ANHANGUERA ;2015;564
ANHANGUERA ;2014;518
ANHANGUERA ;2013;586
ANHANGUERA ;2012;658
ANHANGUERA ;2011;521
ANHANGUERA ;2010;750
ANHANGUERA ;2009;867
ANHANGUERA ;2008;1030
ANHANGUERA ;2007;961
ANHANGUERA ;2006;784
ARICANDUVA ;2020;222
ARICANDUVA ;2019;161
ARICANDUVA ;2018;167
ARICANDUVA ;2017;173
ARICANDUVA ;2016;173
ARICANDUVA ;2015;176
ARICANDUVA ;2014;272
ARICANDUVA ;2013;354
ARICANDUVA ;2012;332
ARICANDUVA ;2011;252
ARICANDUVA ;2010;348
ARICANDUVA ;2009;361
ARICANDUVA ;2008;512
ARICANDUVA ;2007;699
ARICANDUVA ;2006;840
ARTUR ALVIM ;2020;79
ARTUR ALVIM ;2019;33
ARTUR ALVIM ;2018;107
ARTUR ALVIM ;2017;81
ARTUR ALVIM ;2016;46
ARTUR ALVIM ;2015;57
ARTUR ALVIM ;2014;47
ARTUR ALVIM ;2013;86
ARTUR ALVIM ;2012;65
ARTUR ALVIM ;2011;88
ARTUR ALVIM ;2010;129
ARTUR ALVIM ;2009;160
ARTUR ALVIM ;2008;208
ARTUR ALVIM ;2007;383
ARTUR ALVIM ;2006;636
BARRA FUNDA ;2020;0
BARRA FUNDA ;2019;0
BARRA FUNDA ;2018;0
BARRA FUNDA ;2017;0
BARRA FUNDA ;2016;0
BARRA FUNDA ;2015;0
BARRA FUNDA ;2014;0
BARRA FUNDA ;2013;0
BARRA FUNDA ;2012;0
BARRA FUNDA ;2011;0
BARRA FUNDA ;2010;0
BARRA FUNDA ;2009;0
BARRA FUNDA ;2008;0
BARRA FUNDA ;2007;0
BARRA FUNDA ;2006;0
BELA VISTA ;2020;151
BELA VISTA ;2019;100
BELA VISTA ;2018;162
BELA VISTA ;2017;190
BELA VISTA ;2016;226
BELA VISTA ;2015;234
BELA VISTA ;2014;160
BELA VISTA ;2013;244
BELA VISTA ;2012;279
BELA VISTA ;2011;342
BELA VISTA ;2010;306
BELA VISTA ;2009;377
BELA VISTA ;2008;446
BELA VISTA ;2007;0
BELA VISTA ;2006;430
BELEM ;2020;0
BELEM ;2019;26
BELEM ;2018;65
BELEM ;2017;0
BELEM ;2016;0
BELEM ;2015;0
BELEM ;2014;0
BELEM ;2013;0
BELEM ;2012;0
BELEM ;2011;0
BELEM ;2010;0
BELEM ;2009;0
BELEM ;2008;0
BELEM ;2007;389
BELEM ;2006;0
BOM RETIRO ;2020;0
BOM RETIRO ;2019;0
BOM RETIRO ;2018;0
BOM RETIRO ;2017;0
BOM RETIRO ;2016;0
BOM RETIRO ;2015;0
BOM RETIRO ;2014;0
BOM RETIRO ;2013;0
BOM RETIRO ;2012;0
BOM RETIRO ;2011;0
BOM RETIRO ;2010;0
BOM RETIRO ;2009;0
BOM RETIRO ;2008;0
BOM RETIRO ;2007;0
BOM RETIRO ;2006;0
BRAS ;2020;0
BRAS ;2019;0
BRAS ;2018;0
BRAS ;2017;0
BRAS ;2016;0
BRAS ;2015;0
BRAS ;2014;0
BRAS ;2013;0
BRAS ;2012;0
BRAS ;2011;0
BRAS ;2010;0
BRAS ;2009;0
BRAS ;2008;0
BRAS ;2007;0
BRAS ;2006;0
BRASILANDIA ;2020;1513
BRASILANDIA ;2019;1333
BRASILANDIA ;2018;1437
BRASILANDIA ;2017;1612
BRASILANDIA ;2016;1606
BRASILANDIA ;2015;1559
BRASILANDIA ;2014;1919
BRASILANDIA ;2013;2200
BRASILANDIA ;2012;2468
BRASILANDIA ;2011;2467
BRASILANDIA ;2010;2769
BRASILANDIA ;2009;2858
BRASILANDIA ;2008;3249
BRASILANDIA ;2007;4532
BRASILANDIA ;2006;4052
BUTANTA ;2020;835
BUTANTA ;2019;763
BUTANTA ;2018;756
BUTANTA ;2017;768
BUTANTA ;2016;717
BUTANTA ;2015;688
BUTANTA ;2014;627
BUTANTA ;2013;720
BUTANTA ;2012;872
BUTANTA ;2011;881
BUTANTA ;2010;1098
BUTANTA ;2009;1167
BUTANTA ;2008;1501
BUTANTA ;2007;1899
BUTANTA ;2006;2029
CACHOEIRINHA ;2020;479
CACHOEIRINHA ;2019;328
CACHOEIRINHA ;2018;327
CACHOEIRINHA ;2017;405
CACHOEIRINHA ;2016;371
CACHOEIRINHA ;2015;296
CACHOEIRINHA ;2014;324
CACHOEIRINHA ;2013;409
CACHOEIRINHA ;2012;422
CACHOEIRINHA ;2011;706
CACHOEIRINHA ;2010;787
CACHOEIRINHA ;2009;971
CACHOEIRINHA ;2008;1182
CACHOEIRINHA ;2007;1332
CACHOEIRINHA ;2006;1300
CAMBUCI ;2020;503
CAMBUCI ;2019;503
CAMBUCI ;2018;551
CAMBUCI ;2017;537
CAMBUCI ;2016;625
CAMBUCI ;2015;544
CAMBUCI ;2014;660
CAMBUCI ;2013;629
CAMBUCI ;2012;736
CAMBUCI ;2011;538
CAMBUCI ;2010;492
CAMBUCI ;2009;417
CAMBUCI ;2008;594
CAMBUCI ;2007;1179
CAMBUCI ;2006;422
CAMPO BELO ;2020;234
CAMPO BELO ;2019;146
CAMPO BELO ;2018;237
CAMPO BELO ;2017;241
CAMPO BELO ;2016;367
CAMPO BELO ;2015;318
CAMPO BELO ;2014;192
CAMPO BELO ;2013;155
CAMPO BELO ;2012;317
CAMPO BELO ;2011;312
CAMPO BELO ;2010;555
CAMPO BELO ;2009;577
CAMPO BELO ;2008;515
CAMPO BELO ;2007;730
CAMPO BELO ;2006;900
CAMPO GRANDE ;2020;500
CAMPO GRANDE ;2019;548
CAMPO GRANDE ;2018;529
CAMPO GRANDE ;2017;501
CAMPO GRANDE ;2016;491
CAMPO GRANDE ;2015;573
CAMPO GRANDE ;2014;437
CAMPO GRANDE ;2013;592
CAMPO GRANDE ;2012;743
CAMPO GRANDE ;2011;784
CAMPO GRANDE ;2010;794
CAMPO GRANDE ;2009;651
CAMPO GRANDE ;2008;1170
CAMPO GRANDE ;2007;2610
CAMPO GRANDE ;2006;1600
CAMPO LIMPO ;2020;1642
CAMPO LIMPO ;2019;1382
CAMPO LIMPO ;2018;1485
CAMPO LIMPO ;2017;1344
CAMPO LIMPO ;2016;1517
CAMPO LIMPO ;2015;1619
CAMPO LIMPO ;2014;1572
CAMPO LIMPO ;2013;1658
CAMPO LIMPO ;2012;2007
CAMPO LIMPO ;2011;2212
CAMPO LIMPO ;2010;2831
CAMPO LIMPO ;2009;3451
CAMPO LIMPO ;2008;3283
CAMPO LIMPO ;2007;4080
CAMPO LIMPO ;2006;4110
CANGAIBA ;2020;852
CANGAIBA ;2019;673
CANGAIBA ;2018;654
CANGAIBA ;2017;582
CANGAIBA ;2016;469
CANGAIBA ;2015;498
CANGAIBA ;2014;425
CANGAIBA ;2013;471
CANGAIBA ;2012;706
CANGAIBA ;2011;746
CANGAIBA ;2010;830
CANGAIBA ;2009;965
CANGAIBA ;2008;781
CANGAIBA ;2007;878
CANGAIBA ;2006;765
CAPAO REDONDO ;2020;3018
CAPAO REDONDO ;2019;2361
CAPAO REDONDO ;2018;2217
CAPAO REDONDO ;2017;2452
CAPAO REDONDO ;2016;2726
CAPAO REDONDO ;2015;2636
CAPAO REDONDO ;2014;2611
CAPAO REDONDO ;2013;2709
CAPAO REDONDO ;2012;3457
CAPAO REDONDO ;2011;3084
CAPAO REDONDO ;2010;4352
CAPAO REDONDO ;2009;5956
CAPAO REDONDO ;2008;5187
CAPAO REDONDO ;2007;7760
CAPAO REDONDO ;2006;6524
CARRAO ;2020;0
CARRAO ;2019;0
CARRAO ;2018;0
CARRAO ;2017;0
CARRAO ;2016;0
CARRAO ;2015;0
CARRAO ;2014;0
CARRAO ;2013;0
CARRAO ;2012;0
CARRAO ;2011;0
CARRAO ;2010;0
CARRAO ;2009;0
CARRAO ;2008;0
CARRAO ;2007;0
CARRAO ;2006;69
CASA VERDE ;2020;193
CASA VERDE ;2019;303
CASA VERDE ;2018;194
CASA VERDE ;2017;263
CASA VERDE ;2016;193
CASA VERDE ;2015;185
CASA VERDE ;2014;222
CASA VERDE ;2013;269
CASA VERDE ;2012;304
CASA VERDE ;2011;294
CASA VERDE ;2010;301
CASA VERDE ;2009;449
CASA VERDE ;2008;502
CASA VERDE ;2007;592
CASA VERDE ;2006;605
CIDADE ADEMAR ;2020;576
CIDADE ADEMAR ;2019;487
CIDADE ADEMAR ;2018;497
CIDADE ADEMAR ;2017;603
CIDADE ADEMAR ;2016;553
CIDADE ADEMAR ;2015;457
CIDADE ADEMAR ;2014;662
CIDADE ADEMAR ;2013;843
CIDADE ADEMAR ;2012;1022
CIDADE ADEMAR ;2011;911
CIDADE ADEMAR ;2010;1355
CIDADE ADEMAR ;2009;1505
CIDADE ADEMAR ;2008;1611
CIDADE ADEMAR ;2007;2227
CIDADE ADEMAR ;2006;2406
CIDADE DUTRA ;2020;1065
CIDADE DUTRA ;2019;824
CIDADE DUTRA ;2018;912
CIDADE DUTRA ;2017;918
CIDADE DUTRA ;2016;836
CIDADE DUTRA ;2015;1007
CIDADE DUTRA ;2014;1080
CIDADE DUTRA ;2013;1115
CIDADE DUTRA ;2012;1424
CIDADE DUTRA ;2011;1421
CIDADE DUTRA ;2010;1856
CIDADE DUTRA ;2009;1744
CIDADE DUTRA ;2008;1913
CIDADE DUTRA ;2007;2439
CIDADE DUTRA ;2006;2559
CIDADE LIDER ;2020;1057
CIDADE LIDER ;2019;899
CIDADE LIDER ;2018;989
CIDADE LIDER ;2017;1132
CIDADE LIDER ;2016;974
CIDADE LIDER ;2015;1050
CIDADE LIDER ;2014;1041
CIDADE LIDER ;2013;1064
CIDADE LIDER ;2012;1385
CIDADE LIDER ;2011;1447
CIDADE LIDER ;2010;1327
CIDADE LIDER ;2009;1131
CIDADE LIDER ;2008;1738
CIDADE LIDER ;2007;1519
CIDADE LIDER ;2006;1805
CIDADE TIRADENTES ;2020;1310
CIDADE TIRADENTES ;2019;1240
CIDADE TIRADENTES ;2018;1169
CIDADE TIRADENTES ;2017;1354
CIDADE TIRADENTES ;2016;1139
CIDADE TIRADENTES ;2015;1109
CIDADE TIRADENTES ;2014;1319
CIDADE TIRADENTES ;2013;1053
CIDADE TIRADENTES ;2012;1245
CIDADE TIRADENTES ;2011;1783
CIDADE TIRADENTES ;2010;2077
CIDADE TIRADENTES ;2009;2224
CIDADE TIRADENTES ;2008;2827
CIDADE TIRADENTES ;2007;3278
CIDADE TIRADENTES ;2006;3275
CONSOLACAO ;2020;0
CONSOLACAO ;2019;0
CONSOLACAO ;2018;0
CONSOLACAO ;2017;0
CONSOLACAO ;2016;0
CONSOLACAO ;2015;0
CONSOLACAO ;2014;0
CONSOLACAO ;2013;0
CONSOLACAO ;2012;0
CONSOLACAO ;2011;0
CONSOLACAO ;2010;0
CONSOLACAO ;2009;0
CONSOLACAO ;2008;0
CONSOLACAO ;2007;0
CONSOLACAO ;2006;0
CURSINO ;2020;263
CURSINO ;2019;237
CURSINO ;2018;268
CURSINO ;2017;174
CURSINO ;2016;254
CURSINO ;2015;175
CURSINO ;2014;242
CURSINO ;2013;199
CURSINO ;2012;208
CURSINO ;2011;184
CURSINO ;2010;284
CURSINO ;2009;190
CURSINO ;2008;113
CURSINO ;2007;210
CURSINO ;2006;140
ERMELINO MATARAZZO ;2020;635
ERMELINO MATARAZZO ;2019;620
ERMELINO MATARAZZO ;2018;577
ERMELINO MATARAZZO ;2017;551
ERMELINO MATARAZZO ;2016;581
ERMELINO MATARAZZO ;2015;817
ERMELINO MATARAZZO ;2014;661
ERMELINO MATARAZZO ;2013;613
ERMELINO MATARAZZO ;2012;874
ERMELINO MATARAZZO ;2011;659
ERMELINO MATARAZZO ;2010;772
ERMELINO MATARAZZO ;2009;1009
ERMELINO MATARAZZO ;2008;1171
ERMELINO MATARAZZO ;2007;2204
ERMELINO MATARAZZO ;2006;1563
FREGUESIA DO O ;2020;48
FREGUESIA DO O ;2019;152
FREGUESIA DO O ;2018;229
FREGUESIA DO O ;2017;304
FREGUESIA DO O ;2016;351
FREGUESIA DO O ;2015;404
FREGUESIA DO O ;2014;386
FREGUESIA DO O ;2013;453
FREGUESIA DO O ;2012;570
FREGUESIA DO O ;2011;522
FREGUESIA DO O ;2010;697
FREGUESIA DO O ;2009;971
FREGUESIA DO O ;2008;1182
FREGUESIA DO O ;2007;1225
FREGUESIA DO O ;2006;1406
GRAJAU ;2020;1520
GRAJAU ;2019;1187
GRAJAU ;2018;1093
GRAJAU ;2017;1362
GRAJAU ;2016;1599
GRAJAU ;2015;1508
GRAJAU ;2014;1559
GRAJAU ;2013;1839
GRAJAU ;2012;2350
GRAJAU ;2011;2118
GRAJAU ;2010;2925
GRAJAU ;2009;3612
GRAJAU ;2008;3413
GRAJAU ;2007;4332
GRAJAU ;2006;4061
GUAIANASES ;2020;781
GUAIANASES ;2019;754
GUAIANASES ;2018;890
GUAIANASES ;2017;880
GUAIANASES ;2016;845
GUAIANASES ;2015;804
GUAIANASES ;2014;870
GUAIANASES ;2013;909
GUAIANASES ;2012;844
GUAIANASES ;2011;870
GUAIANASES ;2010;727
GUAIANASES ;2009;1006
GUAIANASES ;2008;1422
GUAIANASES ;2007;2695
GUAIANASES ;2006;1834
IGUATEMI ;2020;726
IGUATEMI ;2019;663
IGUATEMI ;2018;812
IGUATEMI ;2017;866
IGUATEMI ;2016;1027
IGUATEMI ;2015;817
IGUATEMI ;2014;735
IGUATEMI ;2013;600
IGUATEMI ;2012;800
IGUATEMI ;2011;986
IGUATEMI ;2010;1046
IGUATEMI ;2009;1087
IGUATEMI ;2008;1343
IGUATEMI ;2007;1768
IGUATEMI ;2006;2195
IPIRANGA ;2020;295
IPIRANGA ;2019;226
IPIRANGA ;2018;170
IPIRANGA ;2017;245
IPIRANGA ;2016;307
IPIRANGA ;2015;295
IPIRANGA ;2014;417
IPIRANGA ;2013;357
IPIRANGA ;2012;362
IPIRANGA ;2011;395
IPIRANGA ;2010;443
IPIRANGA ;2009;405
IPIRANGA ;2008;373
IPIRANGA ;2007;467
IPIRANGA ;2006;447
ITAIM BIBI ;2020;0
ITAIM BIBI ;2019;0
ITAIM BIBI ;2018;0
ITAIM BIBI ;2017;25
ITAIM BIBI ;2016;47
ITAIM BIBI ;2015;50
ITAIM BIBI ;2014;30
ITAIM BIBI ;2013;45
ITAIM BIBI ;2012;112
ITAIM BIBI ;2011;204
ITAIM BIBI ;2010;325
ITAIM BIBI ;2009;321
ITAIM BIBI ;2008;329
ITAIM BIBI ;2007;373
ITAIM BIBI ;2006;351
ITAIM PAULISTA ;2020;1155
ITAIM PAULISTA ;2019;853
ITAIM PAULISTA ;2018;807
ITAIM PAULISTA ;2017;959
ITAIM PAULISTA ;2016;939
ITAIM PAULISTA ;2015;875
ITAIM PAULISTA ;2014;880
ITAIM PAULISTA ;2013;727
ITAIM PAULISTA ;2012;965
ITAIM PAULISTA ;2011;1099
ITAIM PAULISTA ;2010;1576
ITAIM PAULISTA ;2009;1468
ITAIM PAULISTA ;2008;2133
ITAIM PAULISTA ;2007;2467
ITAIM PAULISTA ;2006;2531
ITAQUERA ;2020;186
ITAQUERA ;2019;88
ITAQUERA ;2018;85
ITAQUERA ;2017;264
ITAQUERA ;2016;294
ITAQUERA ;2015;443
ITAQUERA ;2014;454
ITAQUERA ;2013;533
ITAQUERA ;2012;661
ITAQUERA ;2011;749
ITAQUERA ;2010;1091
ITAQUERA ;2009;1144
ITAQUERA ;2008;1502
ITAQUERA ;2007;1545
ITAQUERA ;2006;1644
JABAQUARA ;2020;406
JABAQUARA ;2019;349
JABAQUARA ;2018;351
JABAQUARA ;2017;399
JABAQUARA ;2016;436
JABAQUARA ;2015;426
JABAQUARA ;2014;498
JABAQUARA ;2013;559
JABAQUARA ;2012;806
JABAQUARA ;2011;737
JABAQUARA ;2010;946
JABAQUARA ;2009;770
JABAQUARA ;2008;827
JABAQUARA ;2007;1048
JABAQUARA ;2006;1395
JACANA ;2020;333
JACANA ;2019;377
JACANA ;2018;309
JACANA ;2017;297
JACANA ;2016;353
JACANA ;2015;341
JACANA ;2014;329
JACANA ;2013;388
JACANA ;2012;346
JACANA ;2011;349
JACANA ;2010;456
JACANA ;2009;352
JACANA ;2008;371
JACANA ;2007;537
JACANA ;2006;590
JAGUARA ;2020;54
JAGUARA ;2019;51
JAGUARA ;2018;94
JAGUARA ;2017;120
JAGUARA ;2016;107
JAGUARA ;2015;139
JAGUARA ;2014;173
JAGUARA ;2013;224
JAGUARA ;2012;235
JAGUARA ;2011;233
JAGUARA ;2010;326
JAGUARA ;2009;312
JAGUARA ;2008;404
JAGUARA ;2007;530
JAGUARA ;2006;511
JAGUARE ;2020;215
JAGUARE ;2019;169
JAGUARE ;2018;190
JAGUARE ;2017;218
JAGUARE ;2016;201
JAGUARE ;2015;138
JAGUARE ;2014;151
JAGUARE ;2013;108
JAGUARE ;2012;225
JAGUARE ;2011;231
JAGUARE ;2010;233
JAGUARE ;2009;327
JAGUARE ;2008;306
JAGUARE ;2007;455
JAGUARE ;2006;402
JARAGUA ;2020;1384
JARAGUA ;2019;1215
JARAGUA ;2018;1211
JARAGUA ;2017;1253
JARAGUA ;2016;1297
JARAGUA ;2015;1181
JARAGUA ;2014;1116
JARAGUA ;2013;1271
JARAGUA ;2012;1607
JARAGUA ;2011;1724
JARAGUA ;2010;2015
JARAGUA ;2009;2372
JARAGUA ;2008;2670
JARAGUA ;2007;3480
JARAGUA ;2006;3522
JARDIM ANGELA ;2020;1599
JARDIM ANGELA ;2019;1035
JARDIM ANGELA ;2018;1106
JARDIM ANGELA ;2017;1090
JARDIM ANGELA ;2016;1203
JARDIM ANGELA ;2015;1191
JARDIM ANGELA ;2014;1138
JARDIM ANGELA ;2013;1432
JARDIM ANGELA ;2012;1663
JARDIM ANGELA ;2011;1739
JARDIM ANGELA ;2010;2079
JARDIM ANGELA ;2009;2328
JARDIM ANGELA ;2008;2758
JARDIM ANGELA ;2007;2749
JARDIM ANGELA ;2006;2844
JARDIM HELENA ;2020;923
JARDIM HELENA ;2019;678
JARDIM HELENA ;2018;567
JARDIM HELENA ;2017;685
JARDIM HELENA ;2016;685
JARDIM HELENA ;2015;702
JARDIM HELENA ;2014;677
JARDIM HELENA ;2013;502
JARDIM HELENA ;2012;909
JARDIM HELENA ;2011;1025
JARDIM HELENA ;2010;1188
JARDIM HELENA ;2009;1307
JARDIM HELENA ;2008;968
JARDIM HELENA ;2007;1437
JARDIM HELENA ;2006;1933
JARDIM PAULISTA ;2020;0
JARDIM PAULISTA ;2019;0
JARDIM PAULISTA ;2018;0
JARDIM PAULISTA ;2017;0
JARDIM PAULISTA ;2016;0
JARDIM PAULISTA ;2015;0
JARDIM PAULISTA ;2014;0
JARDIM PAULISTA ;2013;0
JARDIM PAULISTA ;2012;0
JARDIM PAULISTA ;2011;0
JARDIM PAULISTA ;2010;0
JARDIM PAULISTA ;2009;0
JARDIM PAULISTA ;2008;0
JARDIM PAULISTA ;2007;0
JARDIM PAULISTA ;2006;0
JARDIM SAO LUIS ;2020;1056
JARDIM SAO LUIS ;2019;708
JARDIM SAO LUIS ;2018;797
JARDIM SAO LUIS ;2017;794
JARDIM SAO LUIS ;2016;765
JARDIM SAO LUIS ;2015;880
JARDIM SAO LUIS ;2014;908
JARDIM SAO LUIS ;2013;1111
JARDIM SAO LUIS ;2012;1351
JARDIM SAO LUIS ;2011;1352
JARDIM SAO LUIS ;2010;1571
JARDIM SAO LUIS ;2009;1940
JARDIM SAO LUIS ;2008;2195
JARDIM SAO LUIS ;2007;2733
JARDIM SAO LUIS ;2006;2987
JOSE BONIFACIO ;2020;127
JOSE BONIFACIO ;2019;61
JOSE BONIFACIO ;2018;81
JOSE BONIFACIO ;2017;71
JOSE BONIFACIO ;2016;92
JOSE BONIFACIO ;2015;159
JOSE BONIFACIO ;2014;89
JOSE BONIFACIO ;2013;116
JOSE BONIFACIO ;2012;249
JOSE BONIFACIO ;2011;368
JOSE BONIFACIO ;2010;639
JOSE BONIFACIO ;2009;447
JOSE BONIFACIO ;2008;362
JOSE BONIFACIO ;2007;493
JOSE BONIFACIO ;2006;843
LAJEADO ;2020;964
LAJEADO ;2019;870
LAJEADO ;2018;845
LAJEADO ;2017;952
LAJEADO ;2016;929
LAJEADO ;2015;941
LAJEADO ;2014;1156
LAJEADO ;2013;974
LAJEADO ;2012;986
LAJEADO ;2011;1113
LAJEADO ;2010;1387
LAJEADO ;2009;1301
LAJEADO ;2008;1392
LAJEADO ;2007;1763
LAJEADO ;2006;1886
LAPA ;2020;0
LAPA ;2019;0
LAPA ;2018;0
LAPA ;2017;0
LAPA ;2016;0
LAPA ;2015;0
LAPA ;2014;0
LAPA ;2013;0
LAPA ;2012;0
LAPA ;2011;0
LAPA ;2010;0
LAPA ;2009;0
LAPA ;2008;0
LAPA ;2007;0
LAPA ;2006;0
LIBERDADE ;2020;0
LIBERDADE ;2019;16
LIBERDADE ;2018;0
LIBERDADE ;2017;0
LIBERDADE ;2016;0
LIBERDADE ;2015;0
LIBERDADE ;2014;0
LIBERDADE ;2013;0
LIBERDADE ;2012;0
LIBERDADE ;2011;0
LIBERDADE ;2010;0
LIBERDADE ;2009;76
LIBERDADE ;2008;119
LIBERDADE ;2007;156
LIBERDADE ;2006;141
LIMAO ;2020;184
LIMAO ;2019;122
LIMAO ;2018;101
LIMAO ;2017;114
LIMAO ;2016;93
LIMAO ;2015;111
LIMAO ;2014;65
LIMAO ;2013;100
LIMAO ;2012;144
LIMAO ;2011;142
LIMAO ;2010;184
LIMAO ;2009;217
LIMAO ;2008;313
LIMAO ;2007;365
LIMAO ;2006;324
MANDAQUI ;2020;399
MANDAQUI ;2019;388
MANDAQUI ;2018;397
MANDAQUI ;2017;377
MANDAQUI ;2016;423
MANDAQUI ;2015;470
MANDAQUI ;2014;423
MANDAQUI ;2013;466
MANDAQUI ;2012;480
MANDAQUI ;2011;532
MANDAQUI ;2010;548
MANDAQUI ;2009;573
MANDAQUI ;2008;607
MANDAQUI ;2007;1236
MANDAQUI ;2006;657
MARSILAC ;2020;0
MARSILAC ;2019;0
MARSILAC ;2018;0
MARSILAC ;2017;0
MARSILAC ;2016;0
MARSILAC ;2015;0
MARSILAC ;2014;0
MARSILAC ;2013;0
MARSILAC ;2012;0
MARSILAC ;2011;0
MARSILAC ;2010;0
MARSILAC ;2009;0
MARSILAC ;2008;0
MARSILAC ;2007;0
MARSILAC ;2006;0
MOEMA ;2020;0
MOEMA ;2019;0
MOEMA ;2018;0
MOEMA ;2017;0
MOEMA ;2016;0
MOEMA ;2015;0
MOEMA ;2014;0
MOEMA ;2013;0
MOEMA ;2012;0
MOEMA ;2011;0
MOEMA ;2010;0
MOEMA ;2009;0
MOEMA ;2008;0
MOEMA ;2007;0
MOEMA ;2006;83
MOOCA ;2020;182
MOOCA ;2019;159
MOOCA ;2018;182
MOOCA ;2017;177
MOOCA ;2016;172
MOOCA ;2015;150
MOOCA ;2014;163
MOOCA ;2013;116
MOOCA ;2012;217
MOOCA ;2011;148
MOOCA ;2010;233
MOOCA ;2009;181
MOOCA ;2008;156
MOOCA ;2007;188
MOOCA ;2006;196
MORUMBI ;2020;64
MORUMBI ;2019;33
MORUMBI ;2018;47
MORUMBI ;2017;64
MORUMBI ;2016;54
MORUMBI ;2015;84
MORUMBI ;2014;130
MORUMBI ;2013;76
MORUMBI ;2012;88
MORUMBI ;2011;115
MORUMBI ;2010;223
MORUMBI ;2009;126
MORUMBI ;2008;133
MORUMBI ;2007;155
MORUMBI ;2006;116
PARELHEIROS ;2020;1129
PARELHEIROS ;2019;899
PARELHEIROS ;2018;881
PARELHEIROS ;2017;835
PARELHEIROS ;2016;893
PARELHEIROS ;2015;847
PARELHEIROS ;2014;775
PARELHEIROS ;2013;949
PARELHEIROS ;2012;974
PARELHEIROS ;2011;1043
PARELHEIROS ;2010;1016
PARELHEIROS ;2009;1179
PARELHEIROS ;2008;825
PARELHEIROS ;2007;962
PARELHEIROS ;2006;1064
PARI ;2020;161
PARI ;2019;151
PARI ;2018;0
PARI ;2017;0
PARI ;2016;0
PARI ;2015;0
PARI ;2014;0
PARI ;2013;0
PARI ;2012;0
PARI ;2011;0
PARI ;2010;0
PARI ;2009;0
PARI ;2008;0
PARI ;2007;0
PARI ;2006;0
PARQUE DO CARMO ;2020;0
PARQUE DO CARMO ;2019;0
PARQUE DO CARMO ;2018;0
PARQUE DO CARMO ;2017;0
PARQUE DO CARMO ;2016;0
PARQUE DO CARMO ;2015;0
PARQUE DO CARMO ;2014;0
PARQUE DO CARMO ;2013;0
PARQUE DO CARMO ;2012;0
PARQUE DO CARMO ;2011;35
PARQUE DO CARMO ;2010;117
PARQUE DO CARMO ;2009;157
PARQUE DO CARMO ;2008;282
PARQUE DO CARMO ;2007;489
PARQUE DO CARMO ;2006;474
PEDREIRA ;2020;799
PEDREIRA ;2019;538
PEDREIRA ;2018;677
PEDREIRA ;2017;660
PEDREIRA ;2016;696
PEDREIRA ;2015;637
PEDREIRA ;2014;631
PEDREIRA ;2013;663
PEDREIRA ;2012;779
PEDREIRA ;2011;801
PEDREIRA ;2010;1267
PEDREIRA ;2009;1392
PEDREIRA ;2008;1344
PEDREIRA ;2007;1923
PEDREIRA ;2006;2254
PENHA ;2020;0
PENHA ;2019;0
PENHA ;2018;0
PENHA ;2017;0
PENHA ;2016;0
PENHA ;2015;0
PENHA ;2014;0
PENHA ;2013;0
PENHA ;2012;0
PENHA ;2011;0
PENHA ;2010;0
PENHA ;2009;0
PENHA ;2008;0
PENHA ;2007;0
PENHA ;2006;0
PERDIZES ;2020;0
PERDIZES ;2019;0
PERDIZES ;2018;0
PERDIZES ;2017;0
PERDIZES ;2016;0
PERDIZES ;2015;0
PERDIZES ;2014;0
PERDIZES ;2013;0
PERDIZES ;2012;0
PERDIZES ;2011;0
PERDIZES ;2010;0
PERDIZES ;2009;0
PERDIZES ;2008;39
PERDIZES ;2007;184
PERDIZES ;2006;195
PERUS ;2020;1834
PERUS ;2019;1922
PERUS ;2018;1737
PERUS ;2017;1465
PERUS ;2016;1230
PERUS ;2015;690
PERUS ;2014;622
PERUS ;2013;693
PERUS ;2012;751
PERUS ;2011;943
PERUS ;2010;1003
PERUS ;2009;1017
PERUS ;2008;1343
PERUS ;2007;1365
PERUS ;2006;1450
PINHEIROS ;2020;0
PINHEIROS ;2019;0
PINHEIROS ;2018;0
PINHEIROS ;2017;0
PINHEIROS ;2016;0
PINHEIROS ;2015;0
PINHEIROS ;2014;0
PINHEIROS ;2013;0
PINHEIROS ;2012;0
PINHEIROS ;2011;0
PINHEIROS ;2010;0
PINHEIROS ;2009;0
PINHEIROS ;2008;0
PINHEIROS ;2007;0
PINHEIROS ;2006;47
PIRITUBA ;2020;1156
PIRITUBA ;2019;1036
PIRITUBA ;2018;909
PIRITUBA ;2017;982
PIRITUBA ;2016;1249
PIRITUBA ;2015;1149
PIRITUBA ;2014;1152
PIRITUBA ;2013;849
PIRITUBA ;2012;1074
PIRITUBA ;2011;1196
PIRITUBA ;2010;1287
PIRITUBA ;2009;1588
PIRITUBA ;2008;1407
PIRITUBA ;2007;1819
PIRITUBA ;2006;1967
PONTE RASA ;2020;279
PONTE RASA ;2019;219
PONTE RASA ;2018;169
PONTE RASA ;2017;193
PONTE RASA ;2016;175
PONTE RASA ;2015;147
PONTE RASA ;2014;161
PONTE RASA ;2013;279
PONTE RASA ;2012;440
PONTE RASA ;2011;410
PONTE RASA ;2010;404
PONTE RASA ;2009;499
PONTE RASA ;2008;656
PONTE RASA ;2007;725
PONTE RASA ;2006;789
RAPOSO TAVARES ;2020;458
RAPOSO TAVARES ;2019;354
RAPOSO TAVARES ;2018;408
RAPOSO TAVARES ;2017;304
RAPOSO TAVARES ;2016;398
RAPOSO TAVARES ;2015;352
RAPOSO TAVARES ;2014;428
RAPOSO TAVARES ;2013;449
RAPOSO TAVARES ;2012;470
RAPOSO TAVARES ;2011;752
RAPOSO TAVARES ;2010;1000
RAPOSO TAVARES ;2009;966
RAPOSO TAVARES ;2008;1061
RAPOSO TAVARES ;2007;1154
RAPOSO TAVARES ;2006;1317
REPUBLICA ;2020;0
REPUBLICA ;2019;0
REPUBLICA ;2018;0
REPUBLICA ;2017;0
REPUBLICA ;2016;0
REPUBLICA ;2015;0
REPUBLICA ;2014;0
REPUBLICA ;2013;0
REPUBLICA ;2012;0
REPUBLICA ;2011;0
REPUBLICA ;2010;0
REPUBLICA ;2009;0
REPUBLICA ;2008;0
REPUBLICA ;2007;0
REPUBLICA ;2006;0
RIO PEQUENO ;2020;464
RIO PEQUENO ;2019;476
RIO PEQUENO ;2018;398
RIO PEQUENO ;2017;457
RIO PEQUENO ;2016;381
RIO PEQUENO ;2015;400
RIO PEQUENO ;2014;362
RIO PEQUENO ;2013;343
RIO PEQUENO ;2012;537
RIO PEQUENO ;2011;507
RIO PEQUENO ;2010;769
RIO PEQUENO ;2009;915
RIO PEQUENO ;2008;1060
RIO PEQUENO ;2007;1223
RIO PEQUENO ;2006;1176
SACOMA ;2020;1244
SACOMA ;2019;1037
SACOMA ;2018;1029
SACOMA ;2017;1161
SACOMA ;2016;1184
SACOMA ;2015;1222
SACOMA ;2014;968
SACOMA ;2013;1031
SACOMA ;2012;1335
SACOMA ;2011;1129
SACOMA ;2010;1388
SACOMA ;2009;1851
SACOMA ;2008;1970
SACOMA ;2007;3398
SACOMA ;2006;3017
SANTA CECILIA ;2020;0
SANTA CECILIA ;2019;0
SANTA CECILIA ;2018;0
SANTA CECILIA ;2017;0
SANTA CECILIA ;2016;0
SANTA CECILIA ;2015;0
SANTA CECILIA ;2014;0
SANTA CECILIA ;2013;0
SANTA CECILIA ;2012;0
SANTA CECILIA ;2011;0
SANTA CECILIA ;2010;0
SANTA CECILIA ;2009;0
SANTA CECILIA ;2008;0
SANTA CECILIA ;2007;0
SANTA CECILIA ;2006;0
SANTANA ;2020;73
SANTANA ;2019;48
SANTANA ;2018;83
SANTANA ;2017;80
SANTANA ;2016;103
SANTANA ;2015;83
SANTANA ;2014;121
SANTANA ;2013;117
SANTANA ;2012;96
SANTANA ;2011;95
SANTANA ;2010;133
SANTANA ;2009;120
SANTANA ;2008;238
SANTANA ;2007;0
SANTANA ;2006;335
SANTO AMARO ;2020;264
SANTO AMARO ;2019;257
SANTO AMARO ;2018;284
SANTO AMARO ;2017;279
SANTO AMARO ;2016;259
SANTO AMARO ;2015;206
SANTO AMARO ;2014;193
SANTO AMARO ;2013;251
SANTO AMARO ;2012;374
SANTO AMARO ;2011;323
SANTO AMARO ;2010;368
SANTO AMARO ;2009;486
SANTO AMARO ;2008;575
SANTO AMARO ;2007;288
SANTO AMARO ;2006;732
SAO DOMINGOS ;2020;352
SAO DOMINGOS ;2019;320
SAO DOMINGOS ;2018;251
SAO DOMINGOS ;2017;330
SAO DOMINGOS ;2016;277
SAO DOMINGOS ;2015;331
SAO DOMINGOS ;2014;347
SAO DOMINGOS ;2013;329
SAO DOMINGOS ;2012;334
SAO DOMINGOS ;2011;294
SAO DOMINGOS ;2010;338
SAO DOMINGOS ;2009;342
SAO DOMINGOS ;2008;612
SAO DOMINGOS ;2007;833
SAO DOMINGOS ;2006;864
SAO LUCAS ;2020;133
SAO LUCAS ;2019;103
SAO LUCAS ;2018;166
SAO LUCAS ;2017;202
SAO LUCAS ;2016;206
SAO LUCAS ;2015;284
SAO LUCAS ;2014;278
SAO LUCAS ;2013;340
SAO LUCAS ;2012;422
SAO LUCAS ;2011;434
SAO LUCAS ;2010;457
SAO LUCAS ;2009;392
SAO LUCAS ;2008;539
SAO LUCAS ;2007;831
SAO LUCAS ;2006;881
SAO MATEUS ;2020;719
SAO MATEUS ;2019;708
SAO MATEUS ;2018;702
SAO MATEUS ;2017;933
SAO MATEUS ;2016;813
SAO MATEUS ;2015;830
SAO MATEUS ;2014;846
SAO MATEUS ;2013;895
SAO MATEUS ;2012;1124
SAO MATEUS ;2011;1522
SAO MATEUS ;2010;1391
SAO MATEUS ;2009;1300
SAO MATEUS ;2008;1815
SAO MATEUS ;2007;2773
SAO MATEUS ;2006;3012
SAO MIGUEL ;2020;511
SAO MIGUEL ;2019;387
SAO MIGUEL ;2018;423
SAO MIGUEL ;2017;564
SAO MIGUEL ;2016;517
SAO MIGUEL ;2015;504
SAO MIGUEL ;2014;552
SAO MIGUEL ;2013;725
SAO MIGUEL ;2012;818
SAO MIGUEL ;2011;1036
SAO MIGUEL ;2010;1092
SAO MIGUEL ;2009;1180
SAO MIGUEL ;2008;912
SAO MIGUEL ;2007;1244
SAO MIGUEL ;2006;1196
SAO RAFAEL ;2020;713
SAO RAFAEL ;2019;489
SAO RAFAEL ;2018;566
SAO RAFAEL ;2017;605
SAO RAFAEL ;2016;745
SAO RAFAEL ;2015;738
SAO RAFAEL ;2014;572
SAO RAFAEL ;2013;622
SAO RAFAEL ;2012;801
SAO RAFAEL ;2011;935
SAO RAFAEL ;2010;1431
SAO RAFAEL ;2009;1333
SAO RAFAEL ;2008;1441
SAO RAFAEL ;2007;1839
SAO RAFAEL ;2006;2244
SAPOPEMBA ;2020;1294
SAPOPEMBA ;2019;994
SAPOPEMBA ;2018;1075
SAPOPEMBA ;2017;1122
SAPOPEMBA ;2016;1133
SAPOPEMBA ;2015;1448
SAPOPEMBA ;2014;1429
SAPOPEMBA ;2013;1379
SAPOPEMBA ;2012;1673
SAPOPEMBA ;2011;1883
SAPOPEMBA ;2010;2191
SAPOPEMBA ;2009;2069
SAPOPEMBA ;2008;2476
SAPOPEMBA ;2007;4075
SAPOPEMBA ;2006;4787
SAUDE ;2020;47
SAUDE ;2019;38
SAUDE ;2018;47
SAUDE ;2017;52
SAUDE ;2016;93
SAUDE ;2015;97
SAUDE ;2014;128
SAUDE ;2013;168
SAUDE ;2012;227
SAUDE ;2011;257
SAUDE ;2010;366
SAUDE ;2009;192
SAUDE ;2008;145
SAUDE ;2007;277
SAUDE ;2006;217
SE ;2020;186
SE ;2019;153
SE ;2018;143
SE ;2017;137
SE ;2016;120
SE ;2015;125
SE ;2014;119
SE ;2013;151
SE ;2012;166
SE ;2011;191
SE ;2010;181
SE ;2009;198
SE ;2008;185
SE ;2007;285
SE ;2006;411
SOCORRO ;2020;0
SOCORRO ;2019;0
SOCORRO ;2018;0
SOCORRO ;2017;76
SOCORRO ;2016;185
SOCORRO ;2015;154
SOCORRO ;2014;152
SOCORRO ;2013;147
SOCORRO ;2012;182
SOCORRO ;2011;321
SOCORRO ;2010;353
SOCORRO ;2009;437
SOCORRO ;2008;459
SOCORRO ;2007;505
SOCORRO ;2006;542
TATUAPE ;2020;277
TATUAPE ;2019;223
TATUAPE ;2018;229
TATUAPE ;2017;288
TATUAPE ;2016;339
TATUAPE ;2015;296
TATUAPE ;2014;301
TATUAPE ;2013;296
TATUAPE ;2012;466
TATUAPE ;2011;420
TATUAPE ;2010;541
TATUAPE ;2009;476
TATUAPE ;2008;462
TATUAPE ;2007;533
TATUAPE ;2006;404
TREMEMBE ;2020;672
TREMEMBE ;2019;494
TREMEMBE ;2018;500
TREMEMBE ;2017;522
TREMEMBE ;2016;604
TREMEMBE ;2015;675
TREMEMBE ;2014;828
TREMEMBE ;2013;870
TREMEMBE ;2012;1071
TREMEMBE ;2011;1185
TREMEMBE ;2010;1378
TREMEMBE ;2009;1356
TREMEMBE ;2008;1228
TREMEMBE ;2007;1464
TREMEMBE ;2006;1440
TUCURUVI ;2020;0
TUCURUVI ;2019;0
TUCURUVI ;2018;0
TUCURUVI ;2017;0
TUCURUVI ;2016;0
TUCURUVI ;2015;0
TUCURUVI ;2014;0
TUCURUVI ;2013;0
TUCURUVI ;2012;0
TUCURUVI ;2011;0
TUCURUVI ;2010;0
TUCURUVI ;2009;51
TUCURUVI ;2008;70
TUCURUVI ;2007;302
TUCURUVI ;2006;554
VILA ANDRADE ;2020;768
VILA ANDRADE ;2019;421
VILA ANDRADE ;2018;338
VILA ANDRADE ;2017;473
VILA ANDRADE ;2016;533
VILA ANDRADE ;2015;445
VILA ANDRADE ;2014;512
VILA ANDRADE ;2013;713
VILA ANDRADE ;2012;604
VILA ANDRADE ;2011;663
VILA ANDRADE ;2010;593
VILA ANDRADE ;2009;536
VILA ANDRADE ;2008;708
VILA ANDRADE ;2007;847
VILA ANDRADE ;2006;756
VILA CURUCA ;2020;539
VILA CURUCA ;2019;394
VILA CURUCA ;2018;468
VILA CURUCA ;2017;528
VILA CURUCA ;2016;354
VILA CURUCA ;2015;319
VILA CURUCA ;2014;374
VILA CURUCA ;2013;402
VILA CURUCA ;2012;494
VILA CURUCA ;2011;547
VILA CURUCA ;2010;889
VILA CURUCA ;2009;984
VILA CURUCA ;2008;1205
VILA CURUCA ;2007;1654
VILA CURUCA ;2006;1758
VILA FORMOSA ;2020;144
VILA FORMOSA ;2019;82
VILA FORMOSA ;2018;132
VILA FORMOSA ;2017;112
VILA FORMOSA ;2016;192
VILA FORMOSA ;2015;218
VILA FORMOSA ;2014;198
VILA FORMOSA ;2013;214
VILA FORMOSA ;2012;76
VILA FORMOSA ;2011;97
VILA FORMOSA ;2010;124
VILA FORMOSA ;2009;99
VILA FORMOSA ;2008;102
VILA FORMOSA ;2007;103
VILA FORMOSA ;2006;134
VILA GUILHERME ;2020;0
VILA GUILHERME ;2019;0
VILA GUILHERME ;2018;0
VILA GUILHERME ;2017;21
VILA GUILHERME ;2016;55
VILA GUILHERME ;2015;56
VILA GUILHERME ;2014;86
VILA GUILHERME ;2013;103
VILA GUILHERME ;2012;148
VILA GUILHERME ;2011;123
VILA GUILHERME ;2010;123
VILA GUILHERME ;2009;110
VILA GUILHERME ;2008;136
VILA GUILHERME ;2007;281
VILA GUILHERME ;2006;303
VILA JACUI ;2020;43
VILA JACUI ;2019;25
VILA JACUI ;2018;70
VILA JACUI ;2017;73
VILA JACUI ;2016;110
VILA JACUI ;2015;160
VILA JACUI ;2014;163
VILA JACUI ;2013;165
VILA JACUI ;2012;248
VILA JACUI ;2011;315
VILA JACUI ;2010;443
VILA JACUI ;2009;803
VILA JACUI ;2008;1228
VILA JACUI ;2007;1255
VILA JACUI ;2006;1901
VILA LEOPOLDINA ;2020;0
VILA LEOPOLDINA ;2019;0
VILA LEOPOLDINA ;2018;0
VILA LEOPOLDINA ;2017;0
VILA LEOPOLDINA ;2016;0
VILA LEOPOLDINA ;2015;0
VILA LEOPOLDINA ;2014;126
VILA LEOPOLDINA ;2013;107
VILA LEOPOLDINA ;2012;156
VILA LEOPOLDINA ;2011;174
VILA LEOPOLDINA ;2010;170
VILA LEOPOLDINA ;2009;121
VILA LEOPOLDINA ;2008;163
VILA LEOPOLDINA ;2007;205
VILA LEOPOLDINA ;2006;207
VILA MARIA ;2020;463
VILA MARIA ;2019;397
VILA MARIA ;2018;349
VILA MARIA ;2017;425
VILA MARIA ;2016;235
VILA MARIA ;2015;228
VILA MARIA ;2014;197
VILA MARIA ;2013;316
VILA MARIA ;2012;273
VILA MARIA ;2011;230
VILA MARIA ;2010;333
VILA MARIA ;2009;585
VILA MARIA ;2008;529
VILA MARIA ;2007;781
VILA MARIA ;2006;866
VILA MARIANA ;2020;0
VILA MARIANA ;2019;0
VILA MARIANA ;2018;0
VILA MARIANA ;2017;0
VILA MARIANA ;2016;0
VILA MARIANA ;2015;0
VILA MARIANA ;2014;0
VILA MARIANA ;2013;0
VILA MARIANA ;2012;0
VILA MARIANA ;2011;0
VILA MARIANA ;2010;0
VILA MARIANA ;2009;0
VILA MARIANA ;2008;66
VILA MARIANA ;2007;179
VILA MARIANA ;2006;232
VILA MATILDE ;2020;265
VILA MATILDE ;2019;96
VILA MATILDE ;2018;126
VILA MATILDE ;2017;123
VILA MATILDE ;2016;114
VILA MATILDE ;2015;168
VILA MATILDE ;2014;170
VILA MATILDE ;2013;197
VILA MATILDE ;2012;337
VILA MATILDE ;2011;287
VILA MATILDE ;2010;350
VILA MATILDE ;2009;324
VILA MATILDE ;2008;355
VILA MATILDE ;2007;349
VILA MATILDE ;2006;379
VILA MEDEIROS ;2020;809
VILA MEDEIROS ;2019;935
VILA MEDEIROS ;2018;914
VILA MEDEIROS ;2017;882
VILA MEDEIROS ;2016;907
VILA MEDEIROS ;2015;923
VILA MEDEIROS ;2014;964
VILA MEDEIROS ;2013;959
VILA MEDEIROS ;2012;1077
VILA MEDEIROS ;2011;1066
VILA MEDEIROS ;2010;1249
VILA MEDEIROS ;2009;1388
VILA MEDEIROS ;2008;1177
VILA MEDEIROS ;2007;1947
VILA MEDEIROS ;2006;1536
VILA PRUDENTE ;2020;242
VILA PRUDENTE ;2019;187
VILA PRUDENTE ;2018;192
VILA PRUDENTE ;2017;185
VILA PRUDENTE ;2016;189
VILA PRUDENTE ;2015;184
VILA PRUDENTE ;2014;191
VILA PRUDENTE ;2013;244
VILA PRUDENTE ;2012;241
VILA PRUDENTE ;2011;247
VILA PRUDENTE ;2010;282
VILA PRUDENTE ;2009;324
VILA PRUDENTE ;2008;303
VILA PRUDENTE ;2007;618
VILA PRUDENTE ;2006;503
VILA SONIA ;2020;91
VILA SONIA ;2019;73
VILA SONIA ;2018;98
VILA SONIA ;2017;66
VILA SONIA ;2016;132
VILA SONIA ;2015;132
VILA SONIA ;2014;187
VILA SONIA ;2013;251
VILA SONIA ;2012;361
VILA SONIA ;2011;498
VILA SONIA ;2010;574
VILA SONIA ;2009;637
VILA SONIA ;2008;704
VILA SONIA ;2007;797
VILA SONIA ;2006;803
